id,title,content
1,Artificial Intelligence in Healthcare,"Artificial intelligence is fundamentally transforming the healthcare industry in ways that were unimaginable a decade ago. Hospitals and medical research centers across the world are now deploying AI-powered diagnostic systems that can detect diseases such as cancer diabetes and heart conditions at early stages with remarkable accuracy. A study published in the journal Nature Medicine revealed that an AI algorithm developed by Google Health was able to identify breast cancer in mammograms more accurately than experienced radiologists reducing false positives by 5.7 percent and false negatives by 9.4 percent. Machine learning models are also being used to predict patient deterioration in intensive care units allowing doctors to intervene before a condition becomes life threatening. Beyond diagnosis AI is being used in drug discovery where algorithms can analyze millions of chemical compounds in days rather than the years it would take human researchers. Natural language processing tools are helping doctors automatically generate clinical notes from doctor patient conversations saving hours of administrative work each day. Despite these promising advances concerns remain about data privacy algorithmic bias and the need for regulatory frameworks to ensure patient safety. Experts agree that AI will not replace doctors but will instead serve as a powerful tool that enhances medical decision making and improves patient outcomes across the globe."
2,Climate Change and Global Warming Crisis,"The climate crisis has escalated to alarming levels as scientists and environmental organizations worldwide issue increasingly urgent warnings about the consequences of inaction. Global average temperatures have risen by approximately 1.2 degrees Celsius above pre-industrial levels and the rate of warming is accelerating due to continued greenhouse gas emissions from fossil fuels deforestation and industrial activities. The Intergovernmental Panel on Climate Change reported that without immediate and drastic reductions in carbon emissions global temperatures could rise by 2.5 to 4 degrees Celsius by the end of this century leading to catastrophic consequences for ecosystems human health and global food security. Arctic sea ice is melting at a record pace with the Arctic Ocean projected to experience its first ice-free summer before 2050. Extreme weather events including hurricanes wildfires floods and droughts have become more frequent and more intense directly linked to rising temperatures. Low-lying island nations such as the Maldives and Tuvalu face the existential threat of being completely submerged by rising sea levels within decades. Governments worldwide have committed to reducing emissions under the Paris Agreement but current pledges fall far short of what scientists say is necessary. Renewable energy adoption solar panel installations and electric vehicle usage are increasing but experts stress that a complete transformation of the global energy system is required urgently to avoid the worst impacts of climate change."
3,Cybersecurity Threats in the Digital Age,"In an increasingly connected world cybersecurity has become one of the most critical challenges faced by governments corporations and individuals alike. The number of cyberattacks has grown exponentially over the past decade with ransomware attacks data breaches phishing campaigns and state-sponsored hacking operations causing trillions of dollars in damages globally each year. In 2023 alone cybercrime costs were estimated to exceed 8 trillion dollars making it one of the largest economic threats in the world. High-profile attacks on hospitals banks government agencies and critical infrastructure have demonstrated that no organization is immune to cyber threats. The Colonial Pipeline ransomware attack in the United States disrupted fuel supplies across the eastern seaboard while the WannaCry attack crippled the United Kingdom National Health Service affecting patient care across hundreds of hospitals. Hackers are increasingly using artificial intelligence and machine learning to develop more sophisticated attack methods that can bypass traditional security systems. Meanwhile the shortage of skilled cybersecurity professionals has left organizations vulnerable with an estimated 3.5 million unfilled cybersecurity positions worldwide. Experts emphasize the importance of multi-factor authentication regular software updates employee security training and zero-trust network architecture as essential defenses. Governments are also stepping up efforts to establish international norms and agreements on cyber warfare to prevent conflicts from escalating in the digital domain."
4,Space Exploration and the Future of Mars Missions,"Humanity stands at the threshold of a new era in space exploration as both government agencies and private companies accelerate their ambitions to explore and eventually colonize the solar system. NASA Artemis program aims to return astronauts to the Moon by 2026 using it as a stepping stone for eventual crewed missions to Mars in the 2030s. SpaceX founded by Elon Musk has developed the Starship rocket which is designed to carry up to 100 passengers on long duration missions to Mars making interplanetary travel potentially accessible on a large scale. The Perseverance rover currently operating on the Martian surface has collected rock and soil samples that scientists believe could contain evidence of ancient microbial life providing tantalizing clues about the history of life in the solar system. India China and the United Arab Emirates have all successfully sent missions to Mars demonstrating that space exploration is no longer the exclusive domain of the United States and Russia. Key challenges for crewed Mars missions include protecting astronauts from cosmic radiation developing life support systems that can function for years without resupply and addressing the significant psychological challenges of long duration spaceflight far from Earth. Scientists are also investigating the possibility of terraforming Mars to make it habitable over centuries by thickening its atmosphere and warming its surface. The commercial space industry is growing rapidly with satellite launches space tourism and asteroid mining emerging as significant economic opportunities that could generate trillions of dollars in revenue over the coming decades."
5,The Rise of Electric Vehicles and Clean Energy Transition,"The global automotive industry is undergoing its most significant transformation since the invention of the internal combustion engine as electric vehicles rapidly gain market share and governments worldwide commit to phasing out petrol and diesel cars. Global electric vehicle sales surpassed 10 million units in 2022 representing 14 percent of all new car sales and analysts project that by 2030 electric vehicles could account for more than 60 percent of new vehicle sales worldwide. Major automobile manufacturers including Ford General Motors Volkswagen and Toyota have announced plans to invest hundreds of billions of dollars in electric vehicle development and battery production over the next decade. The rapid decline in lithium-ion battery costs which have fallen by over 90 percent since 2010 has been the primary driver of electric vehicle affordability making them increasingly competitive with traditional combustion engine vehicles. Governments are supporting the transition through purchase incentives tax credits and investments in public charging infrastructure with the United States European Union and China leading the charge. However challenges remain including the need to dramatically expand charging networks address range anxiety among consumers and ensure a sustainable and ethical supply chain for battery minerals such as lithium cobalt and nickel. The transition to electric vehicles is closely linked to the broader clean energy transition as the environmental benefits of electric vehicles are maximized when they are charged using renewable electricity from solar wind and hydropower sources. The shift away from fossil fuel powered transportation is expected to significantly reduce urban air pollution greenhouse gas emissions and dependence on oil imports contributing to both environmental and national energy security goals."





